"st_abb","st_code","ym","ppt","tavg"
"AL",1,202501,82.913,4.242
"AR",5,202501,111.958,2.001
"AZ",4,202501,2.442,4.371
"CA",6,202501,20.32,7.107
"CO",8,202501,19.83,-6.815
"CT",9,202501,33.364,-3.269
"DC",11,202501,37.836,0.04
"DE",10,202501,29.962,-1.35
"FL",12,202501,71.193,11.737
"GA",13,202501,68.443,4.966
"IA",19,202501,6.178,-7.588
"ID",16,202501,32.706,-5.657
"IL",17,202501,32.33,-5.222
"IN",18,202501,43.175,-5.345
"KS",20,202501,25.068,-3.899
"KY",21,202501,108.775,-2.279
"LA",22,202501,127.126,7.088
"MA",25,202501,40.685,-4.318
"MD",24,202501,39.067,-1.96
"ME",23,202501,45.99,-8.978
"MI",26,202501,32.747,-7.503
"MN",27,202501,7.25,-12.507
"MO",29,202501,53.544,-3.208
"MS",28,202501,117.512,4.536
"MT",30,202501,24.399,-7.317
"NC",37,202501,41.255,1.613
"ND",38,202501,5.966,-12.475
"NE",31,202501,7.171,-6.008
"NH",33,202501,35.892,-7.864
"NJ",34,202501,22.177,-2.333
"NM",35,202501,5.506,-0.904
"NV",32,202501,7.674,-0.599
"NY",36,202501,45.571,-6.732
"OH",39,202501,46.407,-5.599
"OK",40,202501,32.782,0.622
"OR",41,202501,62.637,0.279
"PA",42,202501,31.484,-5.599
"RI",44,202501,42.699,-2.749
"SC",45,202501,51.034,4.084
"SD",46,202501,5.192,-8.853
"TN",47,202501,87.024,0.038
"TX",48,202501,41.273,5.433
"UT",49,202501,8.222,-3.867
"VA",51,202501,51.806,-1.009
"VT",50,202501,31.351,-8.643
"WA",53,202501,48.187,-0.433
"WI",55,202501,5.398,-10.079
"WV",54,202501,69.473,-4.712
"WY",56,202501,21.592,-8.782
"AL",1,202502,118.533,11.167
"AR",5,202502,113.724,5.974
"AZ",4,202502,7.53,10.439
"CA",6,202502,141.668,8.678
"CO",8,202502,24.065,-1.573
"CT",9,202502,87.822,-2.063
"DC",11,202502,88.83,3.742
"DE",10,202502,98.311,2.792
"FL",12,202502,55.258,18.427
"GA",13,202502,91.765,12.038
"IA",19,202502,13.275,-6.659
"ID",16,202502,107.186,-3.639
"IL",17,202502,32.273,-1.85
"IN",18,202502,56.142,-1.162
"KS",20,202502,10.361,-1.98
"KY",21,202502,205.304,3.228
"LA",22,202502,137.517,12.714
"MA",25,202502,99.031,-3.266
"MD",24,202502,90.023,2.062
"ME",23,202502,68.056,-9.481
"MI",26,202502,37.097,-6.63
"MN",27,202502,13.373,-12.199
"MO",29,202502,32.496,-0.402
"MS",28,202502,128.681,10.634
"MT",30,202502,38.216,-11.078
"NC",37,202502,101.636,7.426
"ND",38,202502,7.911,-15.245
"NE",31,202502,10.988,-5.961
"NH",33,202502,90.849,-7.359
"NJ",34,202502,76.793,0.592
"NM",35,202502,3.056,6.193
"NV",32,202502,33.584,2.916
"NY",36,202502,82.731,-5.713
"OH",39,202502,88.501,-1.396
"OK",40,202502,16.699,3.242
"OR",41,202502,147.956,-0.116
"PA",42,202502,83.24,-2.318
"RI",44,202502,96.739,-1.498
"SC",45,202502,66.116,10.451
"SD",46,202502,5.813,-10.006
"TN",47,202502,164.014,5.659
"TX",48,202502,21.818,10.267
"UT",49,202502,25.182,1.628
"VA",51,202502,152.219,3.995
"VT",50,202502,90.046,-8.258
"WA",53,202502,138.258,-1.147
"WI",55,202502,22.634,-8.949
"WV",54,202502,155.627,1.383
"WY",56,202502,34.071,-6.009
"AL",1,202503,132.253,14.178
"AR",5,202503,70.212,13.587
"AZ",4,202503,28.625,10.844
"CA",6,202503,98.696,9.45
"CO",8,202503,31.103,3.759
"CT",9,202503,104.727,5.093
"DC",11,202503,44.189,10.672
"DE",10,202503,109.936,9.078
"FL",12,202503,81.547,18.236
"GA",13,202503,106.679,14.239
"IA",19,202503,71.096,5.505
"ID",16,202503,65.961,2.155
"IL",17,202503,78.372,8.4
"IN",18,202503,104.545,7.729
"KS",20,202503,24.631,9.722
"KY",21,202503,113.926,10.012
"LA",22,202503,117.708,16.951
"MA",25,202503,97.43,3.965
"MD",24,202503,67.369,8.869
"ME",23,202503,107.949,-1.315
"MI",26,202503,106.245,1.346
"MN",27,202503,44.259,-0.155
"MO",29,202503,60.772,10.338
"MS",28,202503,144.328,15.093
"MT",30,202503,32.439,2.583
"NC",37,202503,73.002,11.838
"ND",38,202503,6.581,-0.242
"NE",31,202503,30.88,6.159
"NH",33,202503,102.995,0.578
"NJ",34,202503,101.801,7.411
"NM",35,202503,8.386,8.367
"NV",32,202503,31.421,5
"NY",36,202503,67.895,2.406
"OH",39,202503,75.759,7.153
"OK",40,202503,51.05,12.883
"OR",41,202503,131.818,4.901
"PA",42,202503,56.099,5.563
"RI",44,202503,118.29,5.203
"SC",45,202503,82.859,13.626
"SD",46,202503,20.984,3.547
"TN",47,202503,133.348,11.364
"TX",48,202503,44.039,16.504
"UT",49,202503,38.287,4.632
"VA",51,202503,57.621,9.787
"VT",50,202503,91.775,0.086
"WA",53,202503,142.773,5.109
"WI",55,202503,96.646,1.585
"WV",54,202503,54.222,7.613
"WY",56,202503,41.398,1.414
"AL",1,202504,150.876,19.138
"AR",5,202504,252.941,17.56
"AZ",4,202504,9.587,14.501
"CA",6,202504,27.075,12.742
"CO",8,202504,24.282,6.334
"CT",9,202504,92.447,9.942
"DC",11,202504,102.985,15.22
"DE",10,202504,120.868,13.857
"FL",12,202504,29.703,22.58
"GA",13,202504,103.546,19.735
"IA",19,202504,87,9.593
"ID",16,202504,34.819,5.263
"IL",17,202504,138.422,11.912
"IN",18,202504,158.971,11.369
"KS",20,202504,80.328,12.742
"KY",21,202504,243.702,14.414
"LA",22,202504,111.546,21.452
"MA",25,202504,108.7,8.983
"MD",24,202504,100.629,13.466
"ME",23,202504,122.146,4.742
"MI",26,202504,75.535,5.798
"MN",27,202504,72.359,5.077
"MO",29,202504,200.649,13.632
"MS",28,202504,148.46,19.938
"MT",30,202504,45.346,4.908
"NC",37,202504,79.846,17.25
"ND",38,202504,48.184,4.939
"NE",31,202504,32.972,8.99
"NH",33,202504,98.483,6.529
"NJ",34,202504,104.054,11.967
"NM",35,202504,18.232,11.964
"NV",32,202504,15.542,8.646
"NY",36,202504,93.612,7.323
"OH",39,202504,141.488,11.033
"OK",40,202504,203.73,15.882
"OR",41,202504,38.174,7.454
"PA",42,202504,105.197,9.999
"RI",44,202504,95.018,9.732
"SC",45,202504,78.096,19.148
"SD",46,202504,65.138,7.109
"TN",47,202504,194.238,16.371
"TX",48,202504,77.494,19.983
"UT",49,202504,19.395,8.221
"VA",51,202504,83.413,14.937
"VT",50,202504,96.903,5.787
"WA",53,202504,55.947,8.01
"WI",55,202504,83.887,5.84
"WV",54,202504,126.281,12.547
"WY",56,202504,41.089,3.684
"AL",1,202505,261.411,22.284
"AR",5,202505,230.405,20.222
"AZ",4,202505,10.975,19.218
"CA",6,202505,9.517,17.177
"CO",8,202505,53.889,10.941
"CT",9,202505,204.258,15.172
"DC",11,202505,201.442,19.629
"DE",10,202505,152.515,18.582
"FL",12,202505,141.902,25.933
"GA",13,202505,186.038,22.738
"IA",19,202505,67.869,15.518
"ID",16,202505,34.472,10.612
"IL",17,202505,92.507,16.649
"IN",18,202505,104.601,16.111
"KS",20,202505,107.104,16.659
"KY",21,202505,184.619,17.815
"LA",22,202505,229.623,23.875
"MA",25,202505,201.026,14.612
"MD",24,202505,197.407,17.984
"ME",23,202505,119.732,11.527
"MI",26,202505,74.968,12.033
"MN",27,202505,64.994,13.799
"MO",29,202505,122.85,17.31
"MS",28,202505,236.474,22.522
"MT",30,202505,57.345,11.211
"NC",37,202505,186.421,20.064
"ND",38,202505,103.103,13.113
"NE",31,202505,101.002,14.662
"NH",33,202505,199.405,12.64
"NJ",34,202505,189.456,16.821
"NM",35,202505,35.038,15.554
"NV",32,202505,17.665,14.186
"NY",36,202505,146.922,13.012
"OH",39,202505,146.386,15.429
"OK",40,202505,168.705,19.151
"OR",41,202505,28.946,11.201
"PA",42,202505,203.319,14.719
"RI",44,202505,206.117,14.915
"SC",45,202505,196.268,21.901
"SD",46,202505,103.649,13.859
"TN",47,202505,195.688,19.145
"TX",48,202505,118.418,23.042
"UT",49,202505,27.06,13.727
"VA",51,202505,188.306,18.028
"VT",50,202505,166.884,12.237
"WA",53,202505,37.209,11.384
"WI",55,202505,63.313,12.822
"WV",54,202505,179.438,15.948
"WY",56,202505,55.831,9.708
"AL",1,202506,178.458,25.739
"AR",5,202506,141.252,25.906
"AZ",4,202506,15.188,25.481
"CA",6,202506,1.319,21.821
"CO",8,202506,44.577,17.846
"CT",9,202506,57.434,20.577
"DC",11,202506,124.377,24.93
"DE",10,202506,68.046,23.735
"FL",12,202506,181.854,27.517
"GA",13,202506,143.476,26.24
"IA",19,202506,159.072,22.475
"ID",16,202506,14.016,15.526
"IL",17,202506,109.197,23.642
"IN",18,202506,139.197,23.237
"KS",20,202506,140.016,23.623
"KY",21,202506,147.831,24.04
"LA",22,202506,121.819,27.523
"MA",25,202506,63.479,20.006
"MD",24,202506,94.591,23.379
"ME",23,202506,107.75,16.88
"MI",26,202506,100.367,19.065
"MN",27,202506,133.502,18.407
"MO",29,202506,167.127,23.92
"MS",28,202506,161.09,26.586
"MT",30,202506,52.59,15.342
"NC",37,202506,134.625,25.111
"ND",38,202506,66.385,17.588
"NE",31,202506,139.025,21.359
"NH",33,202506,114.974,18.014
"NJ",34,202506,56.221,22.165
"NM",35,202506,57.153,22.17
"NV",32,202506,3.001,19.98
"NY",36,202506,105.141,19.166
"OH",39,202506,126.554,22.854
"OK",40,202506,175.565,25.251
"OR",41,202506,12.615,15.804
"PA",42,202506,132.223,20.88
"RI",44,202506,42.43,20.466
"SC",45,202506,121.515,26.385
"SD",46,202506,91.963,19.624
"TN",47,202506,158.732,24.618
"TX",48,202506,107.634,27.131
"UT",49,202506,8.389,20.444
"VA",51,202506,110.031,23.73
"VT",50,202506,103.364,17.882
"WA",53,202506,13.03,15.834
"WI",55,202506,153.12,19.148
"WV",54,202506,142.913,22.216
"WY",56,202506,31.991,15.653
"AL",1,202507,95.707,27.873
"AR",5,202507,66.091,28.136
"AZ",4,202507,21.272,27.404
"CA",6,202507,2.874,23.446
"CO",8,202507,45.057,20.379
"CT",9,202507,95.395,24.222
"DC",11,202507,143.182,28.452
"DE",10,202507,164.99,26.821
"FL",12,202507,195.773,28.697
"GA",13,202507,114.98,28.395
"IA",19,202507,233.286,24.12
"ID",16,202507,14.74,19.842
"IL",17,202507,169.937,26.016
"IN",18,202507,146.62,25.548
"KS",20,202507,115.45,26.299
"KY",21,202507,124.346,26.574
"LA",22,202507,129.811,28.892
"MA",25,202507,74.798,23.521
"MD",24,202507,145.604,26.424
"ME",23,202507,80.941,20.624
"MI",26,202507,97.299,21.545
"MN",27,202507,142.249,20.986
"MO",29,202507,137.241,26.578
"MS",28,202507,90.064,28.343
"MT",30,202507,64.428,19.085
"NC",37,202507,163.887,27.175
"ND",38,202507,106.764,20.335
"NE",31,202507,114.732,23.763
"NH",33,202507,62.794,21.652
"NJ",34,202507,129.48,25.878
"NM",35,202507,65.277,23.018
"NV",32,202507,5.153,22.836
"NY",36,202507,80.495,22.446
"OH",39,202507,130.443,25.049
"OK",40,202507,71.412,27.653
"OR",41,202507,11.69,20.039
"PA",42,202507,114.248,23.949
"RI",44,202507,79.604,23.632
"SC",45,202507,138.88,28.499
"SD",46,202507,97.406,22.69
"TN",47,202507,97.971,27.01
"TX",48,202507,99.674,27.626
"UT",49,202507,6.876,23.278
"VA",51,202507,179.952,26.078
"VT",50,202507,86.706,21.233
"WA",53,202507,6.498,19.629
"WI",55,202507,118.142,21.878
"WV",54,202507,168.751,24.686
"WY",56,202507,34.03,19.574
"AL",1,202508,113.245,25.807
"AR",5,202508,79.041,26.209
"AZ",4,202508,24.132,27.872
"CA",6,202508,6.653,24.624
"CO",8,202508,56.728,19.593
"CT",9,202508,85.933,20.604
"DC",11,202508,32.925,24.045
"DE",10,202508,73.847,22.484
"FL",12,202508,205.74,28.406
"GA",13,202508,203.171,25.815
"IA",19,202508,88.082,21.734
"ID",16,202508,27.643,19.339
"IL",17,202508,45.197,22.997
"IN",18,202508,49.528,22.102
"KS",20,202508,102.205,24.291
"KY",21,202508,34.51,23.584
"LA",22,202508,128.757,28.152
"MA",25,202508,76.735,20.125
"MD",24,202508,60.74,22.071
"ME",23,202508,51.028,18.566
"MI",26,202508,68.333,19.399
"MN",27,202508,80.108,19.394
"MO",29,202508,31.396,23.922
"MS",28,202508,92.657,26.827
"MT",30,202508,42.546,19.008
"NC",37,202508,155.435,23.459
"ND",38,202508,64.464,19.57
"NE",31,202508,78.09,22.372
"NH",33,202508,36.947,18.843
"NJ",34,202508,67.444,21.659
"NM",35,202508,47.815,23.437
"NV",32,202508,15.39,22.418
"NY",36,202508,68.273,19.275
"OH",39,202508,32.056,21.508
"OK",40,202508,110.125,26.252
"OR",41,202508,16.348,19.957
"PA",42,202508,47.004,20.052
"RI",44,202508,73.786,20.55
"SC",45,202508,206.269,25.051
"SD",46,202508,89.396,21.64
"TN",47,202508,69.35,24.272
"TX",48,202508,61.127,28.315
"UT",49,202508,24.283,22.361
"VA",51,202508,68.983,22.056
"VT",50,202508,40.382,18.465
"WA",53,202508,34.075,20.134
"WI",55,202508,97.166,19.388
"WV",54,202508,46.755,21.156
"WY",56,202508,26.332,18.672
"AL",1,202509,45.184,24.423
"AR",5,202509,100.013,23.753
"AZ",4,202509,37.102,23.415
"CA",6,202509,18.176,21.623
"CO",8,202509,48.038,15.054
"CT",9,202509,82.009,18.336
"DC",11,202509,81.098,21.889
"DE",10,202509,91.913,21.182
"FL",12,202509,122.322,26.695
"GA",13,202509,34.619,23.994
"IA",19,202509,52.536,19.494
"ID",16,202509,20.817,16.263
"IL",17,202509,36.432,20.708
"IN",18,202509,57.548,19.918
"KS",20,202509,96.013,21.049
"KY",21,202509,106.329,21.211
"LA",22,202509,52.951,26.113
"MA",25,202509,91.215,17.571
"MD",24,202509,84.038,20.409
"ME",23,202509,65.615,14.898
"MI",26,202509,60.657,16.57
"MN",27,202509,60.895,16.758
"MO",29,202509,76.384,21.746
"MS",28,202509,41.477,24.969
"MT",30,202509,18.666,16.218
"NC",37,202509,72.622,21.423
"ND",38,202509,55.677,16.597
"NE",31,202509,72.237,18.716
"NH",33,202509,75.547,15.818
"NJ",34,202509,76.748,20.061
"NM",35,202509,52.561,19.109
"NV",32,202509,16.271,18.333
"NY",36,202509,64.03,16.56
"OH",39,202509,60.218,19.453
"OK",40,202509,52.358,23.281
"OR",41,202509,26.153,17.212
"PA",42,202509,60.698,18.182
"RI",44,202509,109.136,18.534
"SC",45,202509,50.495,23.158
"SD",46,202509,65.567,18.172
"TN",47,202509,113.897,22.056
"TX",48,202509,47.88,25.354
"UT",49,202509,14.09,17.857
"VA",51,202509,88.091,19.946
"VT",50,202509,75.344,15.45
"WA",53,202509,22.177,17.92
"WI",55,202509,62.944,16.887
"WV",54,202509,70.21,18.752
"WY",56,202509,28.893,14.588
"AL",1,202510,78.423,18.925
"AR",5,202510,93.078,18.567
"AZ",4,202510,40.671,17.809
"CA",6,202510,45.147,15.26
"CO",8,202510,40.163,9.69
"CT",9,202510,142.133,12.071
"DC",11,202510,57.23,15.257
"DE",10,202510,74.972,14.732
"FL",12,202510,89.679,23.309
"GA",13,202510,57.84,18.344
"IA",19,202510,52.45,13.977
"ID",16,202510,66.451,6.683
"IL",17,202510,65.99,15.394
"IN",18,202510,70.539,14.216
"KS",20,202510,53.69,16.224
"KY",21,202510,124.129,15.113
"LA",22,202510,93.33,21.8
"MA",25,202510,137.136,11.521
"MD",24,202510,61.04,13.837
"ME",23,202510,85.864,9.144
"MI",26,202510,73.563,11.038
"MN",27,202510,46.784,10.557
"MO",29,202510,81.695,16.553
"MS",28,202510,119.563,19.742
"MT",30,202510,53.372,7.039
"NC",37,202510,80.096,15.5
"ND",38,202510,70.326,9.492
"NE",31,202510,31.114,12.832
"NH",33,202510,106.928,9.402
"NJ",34,202510,96.231,13.456
"NM",35,202510,29.326,14.831
"NV",32,202510,31.725,10.542
"NY",36,202510,110.466,10.154
"OH",39,202510,90.141,13.045
"OK",40,202510,66.126,19.145
"OR",41,202510,69.517,8.45
"PA",42,202510,98.254,11.238
"RI",44,202510,155.784,12.771
"SC",45,202510,125.621,17.177
"SD",46,202510,32.81,11.464
"TN",47,202510,107.457,16.241
"TX",48,202510,38.342,21.82
"UT",49,202510,53.336,10.177
"VA",51,202510,52.704,13.769
"VT",50,202510,120.268,9.084
"WA",53,202510,112.14,8.309
"WI",55,202510,34.522,11.066
"WV",54,202510,78.107,12.264
"WY",56,202510,53.121,7.073
"AL",1,202511,44.147,12.965
"AR",5,202511,75.427,12.829
"AZ",4,202511,35.214,13.136
"CA",6,202511,101.048,12.417
"CO",8,202511,18.106,4.948
"CT",9,202511,51.126,5.147
"DC",11,202511,26.204,9.682
"DE",10,202511,40.252,8.493
"FL",12,202511,9.101,18.02
"GA",13,202511,23.051,13.417
"IA",19,202511,39.936,4.224
"ID",16,202511,42.772,4.014
"IL",17,202511,52.939,6.467
"IN",18,202511,61.054,5.79
"KS",20,202511,42.528,8.406
"KY",21,202511,73.802,8.292
"LA",22,202511,42.312,16.517
"MA",25,202511,58.835,4.294
"MD",24,202511,41.568,7.852
"ME",23,202511,79.226,1.223
"MI",26,202511,54.608,2.321
"MN",27,202511,23.201,0.996
"MO",29,202511,65.204,8.762
"MS",28,202511,57.331,13.965
"MT",30,202511,29.395,2.293
"NC",37,202511,30.921,10.388
"ND",38,202511,16.721,0.312
"NE",31,202511,12.362,5.237
"NH",33,202511,73.55,1.49
"NJ",34,202511,48.53,7
"NM",35,202511,17.476,9.66
"NV",32,202511,21.156,7.986
"NY",36,202511,87.455,2.485
"OH",39,202511,57.66,5.351
"OK",40,202511,45.537,12.536
"OR",41,202511,74.527,6.373
"PA",42,202511,56.464,4.495
"RI",44,202511,57.015,5.629
"SC",45,202511,12.162,12.516
"SD",46,202511,22.055,3.122
"TN",47,202511,68.066,10.158
"TX",48,202511,38.762,16.5
"UT",49,202511,19.429,6.853
"VA",51,202511,31.331,8.31
"VT",50,202511,106.086,0.836
"WA",53,202511,162.12,5.039
"WI",55,202511,35.825,1.735
"WV",54,202511,81.045,5.966
"WY",56,202511,12.116,3.239
"AL",1,202512,76.27,8.887
"AR",5,202512,20.871,6.853
"AZ",4,202512,7.782,10.1
"CA",6,202512,139.435,9.727
"CO",8,202512,19.567,1.64
"CT",9,202512,99.552,-1.781
"DC",11,202512,41.743,2.749
"DE",10,202512,72.811,1.857
"FL",12,202512,58.704,16.805
"GA",13,202512,70.562,9.679
"IA",19,202512,24.361,-4.662
"ID",16,202512,133.667,0.694
"IL",17,202512,37.917,-1.31
"IN",18,202512,48.548,-0.94
"KS",20,202512,2.367,3.178
"KY",21,202512,57.895,3.062
"LA",22,202512,101.611,11.862
"MA",25,202512,86.779,-2.656
"MD",24,202512,54.459,1.266
"ME",23,202512,97.287,-8.053
"MI",26,202512,72.697,-5.198
"MN",27,202512,24.326,-10.427
"MO",29,202512,14.722,2.321
"MS",28,202512,63.023,9.234
"MT",30,202512,66.557,-2.588
"NC",37,202512,64.003,5.469
"ND",38,202512,19.848,-10.242
"NE",31,202512,3.613,0.675
"NH",33,202512,96.546,-6.534
"NJ",34,202512,88.525,-0.216
"NM",35,202512,4.993,6.46
"NV",32,202512,32.275,4.939
"NY",36,202512,94.808,-5.092
"OH",39,202512,55.904,-1.369
"OK",40,202512,2.595,6.767
"OR",41,202512,175.001,4.16
"PA",42,202512,67.926,-2.636
"RI",44,202512,79.725,-0.877
"SC",45,202512,64.525,8.19
"SD",46,202512,12.525,-3.979
"TN",47,202512,56.463,5.039
"TX",48,202512,9.745,11.716
"UT",49,202512,24.311,3.168
"VA",51,202512,57.937,2.66
"VT",50,202512,92.286,-7.453
"WA",53,202512,279.888,2.985
"WI",55,202512,37.152,-7.951
"WV",54,202512,70.627,0.786
"WY",56,202512,40.169,-0.231
